{
  "best_model": "Voting Ensemble",
  "best_roc_auc": 0.9846708427602913,
  "all_results": {
    "Logistic Regression": {
      "accuracy": 0.9586242079261089,
      "macro_f1": 0.9308765475229689,
      "weighted_f1": 0.9589358208432947,
      "roc_auc": 0.9820186993675095,
      "pr_auc": 0.9503773867146177
    },
    "SVM": {
      "accuracy": 0.9289012995381807,
      "macro_f1": 0.8683367148347633,
      "weighted_f1": 0.9255493878431935,
      "roc_auc": 0.9477409452030707,
      "pr_auc": 0.8719109475157605
    },
    "Voting Ensemble": {
      "accuracy": 0.9657125980023628,
      "macro_f1": 0.9409258560953934,
      "weighted_f1": 0.9654423839869625,
      "roc_auc": 0.9846708427602913,
      "pr_auc": 0.9581489704788384
    }
  }
}